<AVRPART>	
  <ADMIN>
    <PART_NAME>ATtiny28</PART_NAME>
    <SPEED>16MHZ</SPEED>
    <SIGNATURE>
      <ADDR000>0x1E</ADDR000>
      <ADDR001>0x91</ADDR001>
      <ADDR002>0x07</ADDR002>
    </SIGNATURE>  
  </ADMIN>
  <PROGRAMMING>
    <PRGISP>  
        <ZIF_NO>2</ZIF_NO>   
    </PRGISP>
    <PRGHV>
        <ZIF_NO>5</ZIF_NO>   
    </PRGHV>
    <TYPE>1</TYPE> 
    <SUBCLASS>4</SUBCLASS> 
    <OscCal>
      <OCEntry0>1.2MHz</OCEntry0>
    </OscCal>
    <PROG_FLASH>2048</PROG_FLASH>
    <FlashPageSize>0</FlashPageSize>
    <WD_Flash>9</WD_Flash>
    <WD_EEPROM>15</WD_EEPROM>
    <WD_ERASE>50</WD_ERASE>
    <WD_FUSE>9</WD_FUSE>
    <WD_LOCK>9</WD_LOCK>
    <WD_RESET>100</WD_RESET> 
    <FuseRCMD0>0x58000000</FuseRCMD0>      
    <FuseRPos>3</FuseRPos>    
    <FuseWCMD0>0xac000000</FuseWCMD0>    
    <FuseWPos>1</FuseWPos>    
    <LockRCMD>0x58000000</LockRCMD>    
    <LockRPos>3</LockRPos>    
    <LockWCMD>0xace00000</LockWCMD>    
    <LockWPos>1</LockWPos>  
    <fusevalue>0xf2</fusevalue>  
    <FuseMask>0xff</FuseMask>        
  </PROGRAMMING>
	<FUSE>
		<LIST>[LOW]</LIST>
		<ICON/>
		<ID/>
		<TEXT/>
		<LOW>
			<NMB_TEXT>17</NMB_TEXT>
			<NMB_FUSE_BITS>5</NMB_FUSE_BITS>
			<TEXT1>
				<MASK>0x10</MASK>
				<VALUE>0x00</VALUE>
				<TEXT>Internal load capacitors between XTAL1/XTAL2 and GND</TEXT>
			</TEXT1>
			<TEXT2>
				<MASK>0x0F</MASK>
				<VALUE>0x0F</VALUE>
				<TEXT>CKSEL=1111 External Crystal / Ceramic Resonator</TEXT>
			</TEXT2>
			<TEXT3>
				<MASK>0x0F</MASK>
				<VALUE>0x0E</VALUE>
				<TEXT>CKSEL=1110 External Crystal / Ceramic Resonator</TEXT>
			</TEXT3>
			<TEXT4>
				<MASK>0x0F</MASK>
				<VALUE>0x0D</VALUE>
				<TEXT>CKSEL=1101 External Crystal / Ceramic Resonator</TEXT>
			</TEXT4>
			<TEXT5>
				<MASK>0x0F</MASK>
				<VALUE>0x0C</VALUE>
				<TEXT>CKSEL=1100 External Crystal / Ceramic Resonator</TEXT>
			</TEXT5>
			<TEXT6>
				<MASK>0x0F</MASK>
				<VALUE>0x0B</VALUE>
				<TEXT>CKSEL=1011 External Crystal / Ceramic Resonator</TEXT>
			</TEXT6>
			<TEXT7>
				<MASK>0x0F</MASK>
				<VALUE>0x0A</VALUE>
				<TEXT>CKSEL=1010 External Crystal / Ceramic Resonator</TEXT>
			</TEXT7>
			<TEXT8>
				<MASK>0x0F</MASK>
				<VALUE>0x09</VALUE>
				<TEXT>CKSEL=1001 External Low-Frequency Crystal</TEXT>
			</TEXT8>
			<TEXT9>
				<MASK>0x0F</MASK>
				<VALUE>0x08</VALUE>
				<TEXT>CKSEL=1000 External Low-Frequency Crystal</TEXT>
			</TEXT9>
			<TEXT10>
				<MASK>0x0F</MASK>
				<VALUE>0x07</VALUE>
				<TEXT>CKSEL=0111 External RC Ocsillator</TEXT>
			</TEXT10>
			<TEXT11>
				<MASK>0x0F</MASK>
				<VALUE>0x06</VALUE>
				<TEXT>CKSEL=0110 External RC Ocsillator</TEXT>
			</TEXT11>
			<TEXT12>
				<MASK>0x0F</MASK>
				<VALUE>0x05</VALUE>
				<TEXT>CKSEL=0101 External RC Ocsillator</TEXT>
			</TEXT12>
			<TEXT13>
				<MASK>0x0F</MASK>
				<VALUE>0x04</VALUE>
				<TEXT>CKSEL=0100 Internal RC Ocsillator</TEXT>
			</TEXT13>
			<TEXT14>
				<MASK>0x0F</MASK>
				<VALUE>0x03</VALUE>
				<TEXT>CKSEL=0011 Internal RC Ocsillator</TEXT>
			</TEXT14>
			<TEXT15>
				<MASK>0x0F</MASK>
				<VALUE>0x02</VALUE>
				<TEXT>CKSEL=0010 Internal RC Ocsillator ; default value</TEXT>
			</TEXT15>
			<TEXT16>
				<MASK>0x0F</MASK>
				<VALUE>0x01</VALUE>
				<TEXT>CKSEL=0001 External Clock</TEXT>
			</TEXT16>
			<TEXT17>
				<MASK>0x0F</MASK>
				<VALUE>0x00</VALUE>
				<TEXT>CKSEL=0000 External Clock</TEXT>
			</TEXT17>
			<FUSE0>
				<NAME>CKSEL0</NAME>
			</FUSE0>
			<FUSE1>
				<NAME>CKSEL1</NAME>
			</FUSE1>						
			<FUSE2>
				<NAME>CKSEL2</NAME>
			</FUSE2>
			<FUSE3>
				<NAME>CKSEL3</NAME>
			</FUSE3>						
			<FUSE4>
				<NAME>XTALGND</NAME>
			</FUSE4>								
		</LOW>
	</FUSE>
	<LOCKBIT>
		<ICON/>
		<ID/>
		<TEXT>[LB1 = 1 :  LB2 = 1] No memory lock features enabled. [LB1 = 0 :  LB2 = 1] Further programming of Flash and EEPROM is enabled. [LB1 = 0 :  LB2 = 0] Same as previous, but verify is also disabled</TEXT>
		<NMB_TEXT>3</NMB_TEXT>
		<NMB_LOCK_BITS>2</NMB_LOCK_BITS>
		<TEXT1>
			<MASK>0x06</MASK>
			<VALUE>0x06</VALUE>
			<TEXT>Mode 1: No memory lock features enabled</TEXT>
		</TEXT1>
		<TEXT2>
			<MASK>0x06</MASK>
			<VALUE>0x04</VALUE>
			<TEXT>Mode 2: Further programming disabled</TEXT>
		</TEXT2>
		<TEXT3>
			<MASK>0x06</MASK>
			<VALUE>0x00</VALUE>
			<TEXT>Mode 3: Further programming and verification disabled</TEXT>
		</TEXT3>
		<LOCKBIT1>
			<NAME>LB1</NAME>
			<TEXT>Lockbit</TEXT>
		</LOCKBIT1>
		<LOCKBIT2>
			<NAME>LB2</NAME>
			<TEXT>Lockbit</TEXT>
		</LOCKBIT2>
	</LOCKBIT>
</AVRPART>
